index,champ,champ_name,solo_WR,friend0,friend_WR0,friend1,friend_WR1,friend2,friend_WR2,frenemy3,frenemy_WR3,frenemy4,frenemy_WR4,frenemy5,frenemy_WR5,item0,item_WR0,item_name0,item1,item_WR1,item_name1,item2,item_WR2,item_name2,item3,item_WR3,item_name3,item4,item_WR4,item_name4
1,1,Annie,0.5162437335262804,1.0,0.5955734406438632,1.0,0.5533625730994152,1.0,0.545774647887324,1.0,0.4129198966408269,1.0,0.42810539523212043,1.0,0.4377431906614786,3020,0.5419491193737769,Sorcerer's Shoes,3285,0.5583946706419454,Luden's Echo,3027,0.5496890930480085,Rod of Ages,3165,0.5264712741973101,Morellonomicon,3157,0.5450453499390822,Zhonya's Hourglass
2,2,Olaf,0.4965887889504609,2.0,0.5912596401028277,2.0,0.595,2.0,0.5922865013774105,2.0,0.4124809741248097,2.0,0.43613707165109034,2.0,0.4228007181328546,3047,0.505464824120603,Ninja Tabi,3009,0.5561628345269506,Boots of Swiftness,3071,0.5244638430865395,The Black Cleaver,3111,0.5059314954051796,Mercury's Treads,3065,0.5224151857835219,Spirit Visage
3,3,Galio,0.5788818966778867,3.0,0.7035398230088495,3.0,0.6650943396226415,3.0,0.6543778801843319,3.0,0.455026455026455,3.0,0.4768211920529801,3.0,0.48484848484848486,3111,0.5921052631578947,Mercury's Treads,3001,0.6085479022350021,Abyssal Scepter,3027,0.5869532541710507,Rod of Ages,3065,0.6166188143894612,Spirit Visage,3174,0.5979241877256317,Athene's Unholy Grail
4,4,TwistedFate,0.4849574095330152,4.0,0.5842696629213483,4.0,0.5584112149532711,4.0,0.5606162089752177,4.0,0.4019370460048426,4.0,0.3818589025755879,4.0,0.4134419551934827,3020,0.4972025863513016,Sorcerer's Shoes,3158,0.5209519544494914,Ionian Boots of Lucidity,3100,0.5154767902911346,Lich Bane,3285,0.5392246642246642,Luden's Echo,3157,0.5236167341430499,Zhonya's Hourglass
5,5,XinZhao,0.5008226349245918,5.0,0.5659432387312187,5.0,0.5324503311258278,5.0,0.5411365564037319,5.0,0.3924242424242424,5.0,0.42790262172284643,5.0,0.4143790849673203,3111,0.5125330893166443,Mercury's Treads,1419,0.5229497552692038,Enchantment: Bloodrazor,3006,0.5431507532674847,Berserker's Greaves,3153,0.5458632490102664,Blade of the Ruined King,3009,0.559899675420478,Boots of Swiftness
6,6,Urgot,0.4740293809024134,6.0,0.6011396011396012,6.0,0.6081081081081081,6.0,0.5848341232227489,6.0,0.34956521739130436,6.0,0.3758620689655172,6.0,0.375,3111,0.4888929686065725,Mercury's Treads,3047,0.49655320982335205,Ninja Tabi,3042,0.5597048808172531,Muramana,3071,0.5130578512396694,The Black Cleaver,3004,0.4094703293367734,Manamune
7,7,Leblanc,0.4595663907057586,7.0,0.516867469879518,7.0,0.5084541062801933,7.0,0.5190924183729939,7.0,0.3634085213032581,7.0,0.36363636363636365,7.0,0.35691657866948256,3020,0.48067684917164505,Sorcerer's Shoes,3165,0.468180645944265,Morellonomicon,3285,0.5111606528500261,Luden's Echo,3001,0.4819415688980906,Abyssal Scepter,3089,0.5324101355332941,Rabadon's Deathcap
8,8,Vladimir,0.4862604087812264,8.0,0.5782747603833865,8.0,0.5575,8.0,0.5628834355828221,8.0,0.4234104046242775,8.0,0.4335483870967742,8.0,0.4375,3009,0.49823999999999996,Boots of Swiftness,3158,0.5146042224574952,Ionian Boots of Lucidity,3065,0.5150182492670377,Spirit Visage,3116,0.5300424263272561,Rylai's Crystal Scepter,3157,0.5114379084967321,Zhonya's Hourglass
9,9,FiddleSticks,0.5262565257447026,9.0,0.6484560570071259,9.0,0.6094674556213018,9.0,0.6057494866529775,9.0,0.44519230769230766,9.0,0.44010282776349613,9.0,0.4287974683544304,3020,0.5443724778731053,Sorcerer's Shoes,3157,0.5395153082276566,Zhonya's Hourglass,3116,0.5655732380643066,Rylai's Crystal Scepter,3158,0.5295742232451093,Ionian Boots of Lucidity,3001,0.5556248052352758,Abyssal Scepter
10,10,Kayle,0.4949657963194913,10.0,0.6534296028880866,10.0,0.5975609756097561,10.0,0.5513126491646778,10.0,0.3985221674876847,10.0,0.4028892455858748,10.0,0.4004400440044004,3006,0.5475096353394604,Berserker's Greaves,3115,0.5153544871431004,Nashor's Tooth,3020,0.5018500898615076,Sorcerer's Shoes,3158,0.4826982041173894,Ionian Boots of Lucidity,3124,0.5445975952071724,Guinsoo's Rageblade
11,11,MasterYi,0.4839440419166854,11.0,0.6058282208588958,11.0,0.5646017699115045,11.0,0.5412371134020618,11.0,0.35691318327974275,11.0,0.37868852459016394,11.0,0.3885102239532619,3006,0.5020879151471285,Berserker's Greaves,1419,0.5013813270433138,Enchantment: Bloodrazor,3153,0.5157127085568566,Blade of the Ruined King,3087,0.5164677117790881,Statikk Shiv,3142,0.5447166863544565,Youmuu's Ghostblade
12,12,Alistar,0.4856379003652362,12.0,0.5766062602965404,12.0,0.557774607703281,12.0,0.5298144876325088,12.0,0.382051282051282,12.0,0.42249240121580545,12.0,0.43478260869565216,3117,0.4996174662095152,Boots of Mobility,2049,0.4643129596289402,Sightstone,3009,0.5164048306081009,Boots of Swiftness,3401,0.5002081213578763,Face of the Mountain,3190,0.5420759659462999,Locket of the Iron Solari
13,13,Ryze,0.4316962966090959,13.0,0.5075301204819277,13.0,0.5014285714285714,13.0,0.5029673590504451,13.0,0.3455056179775281,13.0,0.37995824634655534,13.0,0.3477832512315271,3020,0.4444487638003421,Sorcerer's Shoes,3027,0.4496868672599708,Rod of Ages,3040,0.5022903583302549,Seraph's Embrace,3009,0.5000836260244188,Boots of Swiftness,3111,0.4585942936673626,Mercury's Treads
14,14,Sion,0.5540676745860331,14.0,0.6862745098039216,14.0,0.6360759493670886,14.0,0.6337719298245614,14.0,0.4855072463768116,14.0,0.49053627760252366,14.0,0.4925170068027211,3111,0.5727116030118843,Mercury's Treads,3047,0.5497135464793939,Ninja Tabi,3068,0.5776977239233666,Sunfire Cape,3009,0.5776147657359205,Boots of Swiftness,3065,0.5579845183486238,Spirit Visage
15,15,Sivir,0.5162816962004894,15.0,0.5946308724832214,15.0,0.6190476190476191,15.0,0.5904522613065326,15.0,0.39226519337016574,15.0,0.42333654773384766,15.0,0.4411764705882353,3006,0.5377919068275001,Berserker's Greaves,3158,0.5102164866507691,Ionian Boots of Lucidity,3046,0.5566209556460253,Phantom Dancer,3508,0.5320891029500301,Essence Reaver,3031,0.5767012367589152,Infinity Edge
16,16,Soraka,0.4983673144313476,16.0,0.5800970873786407,16.0,0.5536384096024006,16.0,0.5709908069458631,16.0,0.35313531353135313,16.0,0.3898916967509025,16.0,0.4451345755693582,3158,0.5100729342702126,Ionian Boots of Lucidity,2049,0.4936897123188714,Sightstone,3069,0.4999484305703578,Talisman of Ascension,3009,0.5526544821583986,Boots of Swiftness,3190,0.5510329310697484,Locket of the Iron Solari
17,17,Teemo,0.5379087315846209,17.0,0.6564171122994652,17.0,0.6244266055045872,17.0,0.6079923882017126,17.0,0.4552156284555842,17.0,0.48558421851289835,17.0,0.4864238410596026,3020,0.5705728427756235,Sorcerer's Shoes,3151,0.5814405614301295,Liandry's Torment,3115,0.5590542980141647,Nashor's Tooth,3009,0.5516852877664069,Boots of Swiftness,3285,0.589616684302147,Luden's Echo
18,18,Tristana,0.463072815358036,18.0,0.527734577501296,18.0,0.5200945626477541,18.0,0.5302874743326489,18.0,0.28804902962206336,18.0,0.3674832962138085,18.0,0.3772369362920544,3006,0.4810916767189385,Berserker's Greaves,3031,0.4976784044873793,Infinity Edge,3094,0.5015533625730995,Rapid Firecannon,3072,0.5427018350297326,The Bloodthirster,3085,0.5427885152496927,Runaan's Hurricane
19,19,Warwick,0.5046814760418579,19.0,0.5656934306569343,19.0,0.5820543093270366,19.0,0.5679845708775313,19.0,0.37817258883248733,19.0,0.42276422764227645,19.0,0.41015625,3111,0.5174463288415228,Mercury's Treads,1419,0.5256659942964457,Enchantment: Bloodrazor,3009,0.5626906133514064,Boots of Swiftness,3091,0.5708024691358025,Wit's End,3153,0.5559162900890624,Blade of the Ruined King
20,20,Nunu,0.4312455605231271,20.0,0.5757575757575758,20.0,0.5103448275862069,20.0,0.5,20.0,0.3368421052631579,20.0,0.31791044776119404,20.0,0.3351851851851852,3020,0.4328411314712685,Sorcerer's Shoes,3009,0.5063780440664862,Boots of Swiftness,3047,0.4623343032654381,Ninja Tabi,3111,0.4372699899631984,Mercury's Treads,3158,0.46299212598425205,Ionian Boots of Lucidity
21,21,MissFortune,0.5326511435443411,21.0,0.5887347863005944,21.0,0.598014888337469,21.0,0.5923144876325088,21.0,0.4227979274611399,21.0,0.43958868894601544,21.0,0.4600798403193613,3006,0.5396274157941621,Berserker's Greaves,3031,0.5660635155096012,Infinity Edge,3508,0.5358004976417722,Essence Reaver,3009,0.589143615005684,Boots of Swiftness,3072,0.5838823718463764,The Bloodthirster
22,22,Ashe,0.5236138707328256,22.0,0.6226912928759895,22.0,0.5884752677205507,22.0,0.6045548654244306,22.0,0.421875,22.0,0.43607388627308946,22.0,0.41855937702790397,3006,0.5399680160397174,Berserker's Greaves,3085,0.5648654444087059,Runaan's Hurricane,3031,0.5591342371044926,Infinity Edge,3072,0.5827236554999359,The Bloodthirster,3094,0.5657882081369626,Rapid Firecannon
23,23,Tryndamere,0.5048675048675049,23.0,0.5728021978021978,23.0,0.5684340320591862,23.0,0.5637860082304527,23.0,0.4084720121028744,23.0,0.4408084696823869,23.0,0.4521072796934866,3006,0.5279964897740292,Berserker's Greaves,3087,0.531121911886577,Statikk Shiv,3031,0.5777180520893326,Infinity Edge,3153,0.5492490057531179,Blade of the Ruined King,3046,0.5526274509803921,Phantom Dancer
24,24,Jax,0.4938091241594397,24.0,0.5706309324399776,24.0,0.5428348909657321,24.0,0.5502117362371446,24.0,0.38565022421524664,24.0,0.42265193370165743,24.0,0.4086818422445738,3111,0.5124348366732029,Mercury's Treads,3078,0.5497494324752645,Trinity Force,1416,0.5222387061116445,Enchantment: Bloodrazor,3047,0.5125468015613798,Ninja Tabi,3124,0.5505049159361595,Guinsoo's Rageblade
25,25,Morgana,0.5112951105549713,25.0,0.58469475494411,25.0,0.5835832083958021,25.0,0.581081081081081,25.0,0.43525077925758004,25.0,0.44214108910891087,25.0,0.44335260115606934,2049,0.4941438137377848,Sightstone,3117,0.5104237506742021,Boots of Mobility,3020,0.5402323026946177,Sorcerer's Shoes,3092,0.5138772707409951,Frost Queen's Claim,3157,0.5327353390907329,Zhonya's Hourglass
26,26,Zilean,0.5105340666606558,26.0,0.5852272727272727,26.0,0.5940409683426443,26.0,0.5739570164348925,26.0,0.444743935309973,26.0,0.41379310344827586,26.0,0.4146341463414634,3158,0.5158605032477771,Ionian Boots of Lucidity,3020,0.5282275711159737,Sorcerer's Shoes,2049,0.5133040016760947,Sightstone,3027,0.5360401927612016,Rod of Ages,3092,0.5390963771156805,Frost Queen's Claim
27,27,Singed,0.5124806715263972,27.0,0.6151419558359621,27.0,0.606,27.0,0.5977157360406091,27.0,0.40359897172236503,27.0,0.4309623430962343,27.0,0.4019975031210986,3009,0.5459408853818376,Boots of Swiftness,3111,0.5146386093321135,Mercury's Treads,3027,0.5341206511330993,Rod of Ages,3116,0.5630455868089234,Rylai's Crystal Scepter,3040,0.561328334226031,Seraph's Embrace
28,28,Evelynn,0.4661913671849797,28.0,0.5625,28.0,0.5275862068965518,28.0,0.5395033860045146,28.0,0.2983425414364641,28.0,0.34146341463414637,28.0,0.3333333333333333,3117,0.4689329131022062,Boots of Mobility,3009,0.5144825150123631,Boots of Swiftness,3116,0.510418733875769,Rylai's Crystal Scepter,3020,0.482525120139799,Sorcerer's Shoes,3100,0.560081726471715,Lich Bane
29,29,Twitch,0.5084391856620846,29.0,0.602020202020202,29.0,0.5629722921914357,29.0,0.5619077700568541,29.0,0.3568075117370892,29.0,0.41383812010443866,29.0,0.4243834341554211,3006,0.5314355505449079,Berserker's Greaves,3085,0.5531014700609538,Runaan's Hurricane,3031,0.5873006833712984,Infinity Edge,3142,0.5476861739997152,Youmuu's Ghostblade,3153,0.5498992470039241,Blade of the Ruined King
30,30,Karthus,0.5236965382977429,30.0,0.6360759493670886,30.0,0.6071428571428571,30.0,0.6369047619047619,30.0,0.3886255924170616,30.0,0.40947075208913647,30.0,0.43670886075949367,3020,0.5394748796220586,Sorcerer's Shoes,3027,0.5400737230121117,Rod of Ages,3157,0.5220107079119571,Zhonya's Hourglass,3116,0.5622020605874212,Rylai's Crystal Scepter,3089,0.548137535816619,Rabadon's Deathcap
31,31,Chogath,0.4941465124430424,31.0,0.58,31.0,0.5815384615384616,31.0,0.567629179331307,31.0,0.3680555555555556,31.0,0.42650602409638555,31.0,0.4502923976608187,3111,0.4972575804615544,Mercury's Treads,3027,0.5075634712352195,Rod of Ages,3116,0.5533204936158072,Rylai's Crystal Scepter,3110,0.5026616564897448,Frozen Heart,3065,0.4993130688648463,Spirit Visage
32,32,Amumu,0.5426466733801437,32.0,0.6227436823104693,32.0,0.603955104222341,32.0,0.5961199294532628,32.0,0.431640625,32.0,0.46607669616519176,32.0,0.4430769230769231,3047,0.555980415015155,Ninja Tabi,3111,0.5448897173035104,Mercury's Treads,3009,0.5806107954545454,Boots of Swiftness,3068,0.5673899102180419,Sunfire Cape,3110,0.5735727231536022,Frozen Heart
33,33,Rammus,0.5296145210764317,33.0,0.6337719298245614,33.0,0.5985401459854015,33.0,0.6206896551724138,33.0,0.43703703703703706,33.0,0.46153846153846156,33.0,0.4360655737704918,3047,0.5466825882528547,Ninja Tabi,3075,0.5796418000301008,Thornmail,3111,0.5489662676822633,Mercury's Treads,3009,0.5568948891031823,Boots of Swiftness,3742,0.584891617824914,Dead Man's Plate
34,34,Anivia,0.5218892369020501,34.0,0.5664488017429193,34.0,0.603225806451613,34.0,0.6069958847736625,34.0,0.3939393939393939,34.0,0.4245939675174014,34.0,0.43863636363636366,3020,0.5352193393768886,Sorcerer's Shoes,3027,0.5374419586323343,Rod of Ages,3040,0.5480948143354097,Seraph's Embrace,3158,0.5132013201320133,Ionian Boots of Lucidity,3157,0.5119356158777792,Zhonya's Hourglass
35,35,Shaco,0.491902746898085,35.0,0.6216216216216216,35.0,0.5672659640421575,35.0,0.5460504752540151,35.0,0.3902439024390244,35.0,0.40601503759398494,35.0,0.409121395036888,3117,0.4985043887608493,Boots of Mobility,3009,0.5346885490488623,Boots of Swiftness,3087,0.5445718091632489,Statikk Shiv,3074,0.5292275193939615,Ravenous Hydra,3006,0.5239775251535346,Berserker's Greaves
36,36,DrMundo,0.5038664507027535,36.0,0.623398804440649,36.0,0.6395759717314488,36.0,0.5794392523364486,36.0,0.4166666666666667,36.0,0.43736730360934184,36.0,0.43956043956043955,3047,0.5078870253756469,Ninja Tabi,3065,0.5346520461549488,Spirit Visage,3111,0.5270467017583156,Mercury's Treads,3068,0.5222591888466414,Sunfire Cape,3083,0.5593492072917285,Warmog's Armor
37,37,Sona,0.5368529548765621,37.0,0.6650717703349283,37.0,0.6213921901528013,37.0,0.6326767091541136,37.0,0.4604101589026212,37.0,0.48602878916172737,37.0,0.4890829694323144,3020,0.5596883758491283,Sorcerer's Shoes,3158,0.5650220060227009,Ionian Boots of Lucidity,2049,0.5114417125660099,Sightstone,3092,0.5499590946277612,Frost Queen's Claim,2301,0.5304393169078347,Eye of the Watchers
38,38,Kassadin,0.4754185599083057,38.0,0.581453634085213,38.0,0.5952380952380952,38.0,0.5502958579881657,38.0,0.3638888888888889,38.0,0.3634085213032581,38.0,0.3498452012383901,3158,0.4881730903019341,Ionian Boots of Lucidity,3027,0.4866485013623978,Rod of Ages,3020,0.5137147335423198,Sorcerer's Shoes,3157,0.5173514160351017,Zhonya's Hourglass,3100,0.5615608031317085,Lich Bane
39,39,Irelia,0.5288092396038326,39.0,0.5828571428571429,39.0,0.5980769230769231,39.0,0.5747800586510264,39.0,0.4527687296416938,39.0,0.4590643274853801,39.0,0.4541607898448519,3047,0.5318991742720556,Ninja Tabi,3111,0.5490186782971461,Mercury's Treads,3078,0.5502112624754134,Trinity Force,3009,0.5909178372137772,Boots of Swiftness,3053,0.6110820700470465,Sterak's Gage
40,40,Janna,0.5279963603888992,40.0,0.6213921901528013,40.0,0.6289592760180995,40.0,0.6010362694300518,40.0,0.405,40.0,0.4192634560906516,40.0,0.4609756097560976,2049,0.5084402167556821,Sightstone,3117,0.5331598226335068,Boots of Mobility,3158,0.5435714285714286,Ionian Boots of Lucidity,3009,0.5471258415328845,Boots of Swiftness,3092,0.5387368959345435,Frost Queen's Claim
41,41,Gangplank,0.4903339191564148,41.0,0.5615835777126099,41.0,0.5594280607685433,41.0,0.5557491289198606,41.0,0.4254473161033797,41.0,0.4165911151405258,41.0,0.4363256784968685,3158,0.4967639467937264,Ionian Boots of Lucidity,3078,0.5102111858899977,Trinity Force,3031,0.5329543370621677,Infinity Edge,3009,0.5530469092503288,Boots of Swiftness,3087,0.5484061393152302,Statikk Shiv
42,42,Corki,0.461205731278724,42.0,0.5365384615384615,42.0,0.5264150943396226,42.0,0.5542857142857143,42.0,0.3542600896860987,42.0,0.3801295896328294,42.0,0.3942307692307692,3020,0.4831588962892484,Sorcerer's Shoes,3078,0.4766276247757729,Trinity Force,3031,0.5190533980582525,Infinity Edge,3508,0.4922955353615172,Essence Reaver,3072,0.51681148469966,The Bloodthirster
43,43,Karma,0.4868475160841016,43.0,0.6236559139784946,43.0,0.5876404494382023,43.0,0.5628002745367193,43.0,0.38612887358583375,43.0,0.4315151515151515,43.0,0.4375947448206165,3020,0.5056122578838861,Sorcerer's Shoes,2049,0.4663518299881936,Sightstone,3158,0.5063624727053686,Ionian Boots of Lucidity,3092,0.4914551553895816,Frost Queen's Claim,3165,0.5072277086016889,Morellonomicon
44,44,Taric,0.5223787446504993,44.0,0.6111111111111112,44.0,0.58469475494411,44.0,0.5931721194879089,44.0,0.39285714285714285,44.0,0.4251781472684085,44.0,0.4605263157894737,3009,0.5529572961863439,Boots of Swiftness,2049,0.4992192728083872,Sightstone,3401,0.5516535744933659,Face of the Mountain,3110,0.5755357022905891,Frozen Heart,2303,0.5469748363177408,Eye of the Equinox
45,45,Veigar,0.5097875782944976,45.0,0.603585657370518,45.0,0.5831798649478207,45.0,0.5711529184756392,45.0,0.429731925264013,45.0,0.4326923076923077,45.0,0.42775436484045753,3020,0.5282405526208859,Sorcerer's Shoes,3165,0.516581834833301,Morellonomicon,3089,0.5663889294937388,Rabadon's Deathcap,3285,0.559977615379551,Luden's Echo,3157,0.5395341991979101,Zhonya's Hourglass
48,48,Trundle,0.507455608830813,48.0,0.5831012070566388,48.0,0.550561797752809,48.0,0.5863970588235294,48.0,0.418732782369146,48.0,0.445141065830721,48.0,0.4511627906976744,3009,0.5622204472843451,Boots of Swiftness,3047,0.5016513123587694,Ninja Tabi,3111,0.5154403354937095,Mercury's Treads,3065,0.5437345303519738,Spirit Visage,3742,0.5333506865360839,Dead Man's Plate
50,50,Swain,0.565061773647556,50.0,0.6810035842293907,50.0,0.6463157894736842,50.0,0.6377005347593583,50.0,0.5051194539249146,50.0,0.479702300405954,50.0,0.5044444444444445,3158,0.5588354773188896,Ionian Boots of Lucidity,3020,0.6010505412849914,Sorcerer's Shoes,3027,0.5837413216053993,Rod of Ages,3157,0.5878210280552685,Zhonya's Hourglass,3116,0.6148351648351649,Rylai's Crystal Scepter
51,51,Caitlyn,0.4970982620116681,51.0,0.5461095100864554,51.0,0.5351351351351351,51.0,0.5564194955433339,51.0,0.36189358372456965,51.0,0.3772369362920544,51.0,0.4423218221895665,3006,0.5110233160621762,Berserker's Greaves,3085,0.5369060757434945,Runaan's Hurricane,3031,0.5267975541476352,Infinity Edge,3094,0.5555451800666107,Rapid Firecannon,3072,0.5719623482072286,The Bloodthirster
53,53,Blitzcrank,0.5289342614075793,53.0,0.6013882002974715,53.0,0.5851979345955249,53.0,0.582984911834212,53.0,0.3807829181494662,53.0,0.4218146718146718,53.0,0.4451345755693582,3117,0.5450166347673059,Boots of Mobility,2049,0.5287488908606921,Sightstone,3009,0.5626135704620143,Boots of Swiftness,3401,0.5500507413880589,Face of the Mountain,3025,0.5703610088466399,Iceborn Gauntlet
54,54,Malphite,0.5080932434470835,54.0,0.5981981981981982,54.0,0.5654114365411437,54.0,0.5683229813664596,54.0,0.4276018099547511,54.0,0.4316455696202532,54.0,0.43416166809483003,3047,0.5281175312807536,Ninja Tabi,3111,0.5129267580974614,Mercury's Treads,3068,0.5375087310826543,Sunfire Cape,3025,0.5676135397176391,Iceborn Gauntlet,3001,0.5430971512052594,Abyssal Scepter
55,55,Katarina,0.506163478660463,55.0,0.6045081967213115,55.0,0.5757839721254355,55.0,0.5789473684210527,55.0,0.4129662522202487,55.0,0.4282178217821782,55.0,0.46741154562383613,3020,0.5303655972531046,Sorcerer's Shoes,3285,0.5346168947314845,Luden's Echo,3157,0.5227038941954445,Zhonya's Hourglass,3089,0.5730397422126745,Rabadon's Deathcap,3001,0.5263400956622134,Abyssal Scepter
56,56,Nocturne,0.5088273615635179,56.0,0.6146341463414634,56.0,0.5959183673469388,56.0,0.5768025078369906,56.0,0.41015625,56.0,0.40939597315436244,56.0,0.4080267558528428,3111,0.5149976042165788,Mercury's Treads,3158,0.5293976481881449,Ionian Boots of Lucidity,3009,0.5687446626814688,Boots of Swiftness,1416,0.5218543046357615,Enchantment: Bloodrazor,3142,0.5489735009496247,Youmuu's Ghostblade
57,57,Maokai,0.5160735774454186,57.0,0.625,57.0,0.6019230769230769,57.0,0.5799086757990868,57.0,0.49333333333333335,57.0,0.47453703703703703,57.0,0.46812080536912754,3111,0.5298558370094137,Mercury's Treads,3065,0.5523579578644028,Spirit Visage,3009,0.5592537313432836,Boots of Swiftness,3027,0.545673833245936,Rod of Ages,3047,0.510566242210783,Ninja Tabi
58,58,Renekton,0.4939426395334999,58.0,0.5517241379310345,58.0,0.5606060606060606,58.0,0.5570032573289903,58.0,0.3862928348909657,58.0,0.40350877192982454,58.0,0.41282565130260523,3047,0.5021139760614541,Ninja Tabi,3111,0.5068174526788579,Mercury's Treads,3071,0.5380078382678204,The Black Cleaver,3074,0.5487579028034996,Ravenous Hydra,3065,0.5162654996353027,Spirit Visage
59,59,JarvanIV,0.5072425097202105,59.0,0.6182795698924731,59.0,0.6078125,59.0,0.5920195439739414,59.0,0.3814814814814815,59.0,0.4157303370786517,59.0,0.4309623430962343,3111,0.5125940792774711,Mercury's Treads,3047,0.5175900277008311,Ninja Tabi,3071,0.5705446799878284,The Black Cleaver,3009,0.5502199413489736,Boots of Swiftness,3742,0.5397581060216161,Dead Man's Plate
60,60,Elise,0.4888183185692797,60.0,0.5610169491525424,60.0,0.5175718849840255,60.0,0.5405138339920948,60.0,0.3442622950819672,60.0,0.36585365853658536,60.0,0.35096153846153844,3020,0.5088867500802053,Sorcerer's Shoes,3116,0.5330866241417929,Rylai's Crystal Scepter,3009,0.5219875776397516,Boots of Swiftness,3158,0.5219552609776305,Ionian Boots of Lucidity,3001,0.5635611988778976,Abyssal Scepter
61,61,Orianna,0.489102780247065,61.0,0.6084905660377359,61.0,0.5529081990189209,61.0,0.5422446406052963,61.0,0.3875968992248062,61.0,0.3845381526104418,61.0,0.423963133640553,3020,0.5037120453787121,Sorcerer's Shoes,3174,0.4984467455621302,Athene's Unholy Grail,3157,0.5051317401960784,Zhonya's Hourglass,3285,0.5388014574773238,Luden's Echo,3165,0.5041714379191886,Morellonomicon
62,62,MonkeyKing,0.5330816082575944,62.0,0.615916955017301,62.0,0.5973419540229885,62.0,0.5993690851735016,62.0,0.43243243243243246,62.0,0.46898263027295284,62.0,0.48628884826325414,3111,0.5472206729875442,Mercury's Treads,3009,0.5837239028547081,Boots of Swiftness,3071,0.577156007751938,The Black Cleaver,3047,0.5229240596167495,Ninja Tabi,3142,0.5875276986388097,Youmuu's Ghostblade
63,63,Brand,0.5334664217839176,63.0,0.6363636363636364,63.0,0.6035502958579881,63.0,0.601263324121595,63.0,0.4399656946826758,63.0,0.48565965583174,63.0,0.4781609195402299,3158,0.5413601808095336,Ionian Boots of Lucidity,3020,0.5532292012850338,Sorcerer's Shoes,3116,0.5750265957446808,Rylai's Crystal Scepter,3151,0.5768362332315049,Liandry's Torment,3027,0.5502543080543536,Rod of Ages
64,64,LeeSin,0.4648218070807507,64.0,0.5317119694802098,64.0,0.5121359223300971,64.0,0.515640766902119,64.0,0.38294010889292196,64.0,0.37041036717062636,64.0,0.3735654926790661,3117,0.475333512400394,Boots of Mobility,3009,0.5129809488233097,Boots of Swiftness,1408,0.4769924170904772,Enchantment: Warrior,3111,0.4644365654385694,Mercury's Treads,3071,0.5218622965680373,The Black Cleaver
67,67,Vayne,0.4850498167894932,67.0,0.5474583002382843,67.0,0.527803958529689,67.0,0.5326451612903226,67.0,0.3961290322580645,67.0,0.38376623376623376,67.0,0.4279624893435635,3006,0.5032969195945279,Berserker's Greaves,3046,0.546304878279456,Phantom Dancer,3153,0.5050158001430957,Blade of the Ruined King,3031,0.5818366298145976,Infinity Edge,3087,0.5407991475759191,Statikk Shiv
68,68,Rumble,0.5194539249146758,68.0,0.595,68.0,0.6085753803596127,68.0,0.57,68.0,0.4342105263157895,68.0,0.4444444444444444,68.0,0.4514066496163683,3020,0.5400253282676798,Sorcerer's Shoes,3151,0.5494689023982898,Liandry's Torment,3116,0.5488756922666311,Rylai's Crystal Scepter,3157,0.5421345472938797,Zhonya's Hourglass,3001,0.5361111111111111,Abyssal Scepter
69,69,Cassiopeia,0.5021870328331764,69.0,0.64,69.0,0.6118251928020566,69.0,0.6039215686274509,69.0,0.36885245901639346,69.0,0.3735294117647059,69.0,0.41379310344827586,3116,0.5329063399238838,Rylai's Crystal Scepter,3040,0.5509656098316638,Seraph's Embrace,3027,0.5385848408518433,Rod of Ages,3001,0.5227010831988937,Abyssal Scepter,3157,0.5134870034330554,Zhonya's Hourglass
72,72,Skarner,0.5363280072354537,72.0,0.6577777777777778,72.0,0.6216216216216216,72.0,0.5975609756097561,72.0,0.31746031746031744,72.0,0.3384615384615385,72.0,0.34146341463414637,3009,0.5714285714285714,Boots of Swiftness,3111,0.5425472227417243,Mercury's Treads,3025,0.5871271585557299,Iceborn Gauntlet,3742,0.574459724950884,Dead Man's Plate,3078,0.632380360472343,Trinity Force
74,74,Heimerdinger,0.5433588150979455,74.0,0.6463157894736842,74.0,0.6258437801350049,74.0,0.6039215686274509,74.0,0.4625,74.0,0.4735099337748344,74.0,0.4705042816365366,3020,0.5536081956510822,Sorcerer's Shoes,3157,0.5379980260765674,Zhonya's Hourglass,3165,0.5555420145024679,Morellonomicon,3116,0.5689234184239733,Rylai's Crystal Scepter,3089,0.5718327292016621,Rabadon's Deathcap
75,75,Nasus,0.5017680339462518,75.0,0.5821749795584628,75.0,0.5534407027818448,75.0,0.5603345280764636,75.0,0.4262734584450402,75.0,0.4225855901890649,75.0,0.42083758937691523,3111,0.5228504538019948,Mercury's Treads,3065,0.5305634815691187,Spirit Visage,3009,0.5729566933222557,Boots of Swiftness,3025,0.5398927140626061,Iceborn Gauntlet,3110,0.5204255455918748,Frozen Heart
76,76,Nidalee,0.4375063918067994,76.0,0.5433070866141733,76.0,0.5026525198938993,76.0,0.483409238776838,76.0,0.31791044776119404,76.0,0.3883720930232558,76.0,0.36253041362530414,3020,0.4428298169983156,Sorcerer's Shoes,3158,0.4807648007371573,Ionian Boots of Lucidity,1410,0.43650126156433977,Enchantment: Runic Echoes,3027,0.4852518741680095,Rod of Ages,3089,0.4945972495088409,Rabadon's Deathcap
77,77,Udyr,0.4636624058159409,77.0,0.5587002096436059,77.0,0.525679758308157,77.0,0.5252707581227437,77.0,0.31746031746031744,77.0,0.2983425414364641,77.0,0.3563218390804598,3009,0.5169569202566453,Boots of Swiftness,3111,0.4648725404016499,Mercury's Treads,1416,0.4803258700953226,Enchantment: Bloodrazor,3078,0.5415030467163169,Trinity Force,3742,0.5085348506401138,Dead Man's Plate
78,78,Poppy,0.4554004408523145,78.0,0.5249169435215947,78.0,0.5465994962216625,78.0,0.5394736842105263,78.0,0.37424547283702214,78.0,0.375,78.0,0.3924495171202809,3009,0.5037004012483282,Boots of Swiftness,3047,0.4668941424973597,Ninja Tabi,3111,0.461208673427323,Mercury's Treads,3025,0.4984537110933759,Iceborn Gauntlet,3742,0.4913227657830008,Dead Man's Plate
79,79,Gragas,0.4855100241499598,79.0,0.5342465753424658,79.0,0.5423280423280423,79.0,0.5391949152542372,79.0,0.4080267558528428,79.0,0.3704663212435233,79.0,0.4055299539170507,3158,0.5148853426310849,Ionian Boots of Lucidity,3009,0.5267250956672016,Boots of Swiftness,3111,0.4823759791122715,Mercury's Treads,3025,0.5526430755788554,Iceborn Gauntlet,3065,0.5253074873887661,Spirit Visage
80,80,Pantheon,0.494615282341545,80.0,0.6037151702786377,80.0,0.5796529968454258,80.0,0.5635179153094463,80.0,0.3994614003590664,80.0,0.4296482412060301,80.0,0.43672456575682383,3111,0.4958873861440795,Mercury's Treads,3071,0.5334761150945153,The Black Cleaver,3009,0.5594910140364686,Boots of Swiftness,3142,0.5357287951970388,Youmuu's Ghostblade,3117,0.5073865634892719,Boots of Mobility
81,81,Ezreal,0.4789089487751028,81.0,0.535,81.0,0.5517522412387939,81.0,0.530562347188264,81.0,0.39779005524861877,81.0,0.4243834341554211,81.0,0.3884007029876977,3158,0.4995000639016066,Ionian Boots of Lucidity,3025,0.4997501531319514,Iceborn Gauntlet,3042,0.5252605917955615,Muramana,3153,0.5494693041626709,Blade of the Ruined King,3036,0.5307518388140008,Lord Dominik's Regards
82,82,Mordekaiser,0.4810092961487384,82.0,0.573394495412844,82.0,0.550561797752809,82.0,0.546875,82.0,0.3283582089552239,82.0,0.3713235294117647,82.0,0.3996282527881041,3020,0.5210018668326073,Sorcerer's Shoes,3116,0.5201526988636364,Rylai's Crystal Scepter,3009,0.5110759493670886,Boots of Swiftness,3001,0.5193751877440673,Abyssal Scepter,3111,0.4755145493257629,Mercury's Treads
83,83,Yorick,0.4935988620199146,83.0,0.5852272727272727,83.0,0.5794392523364486,83.0,0.5808823529411765,83.0,0.3643410852713178,83.0,0.40939597315436244,83.0,0.4157303370786517,3111,0.5155265526552655,Mercury's Treads,3042,0.5854497354497354,Muramana,3009,0.5513307984790875,Boots of Swiftness,3004,0.4645088018171493,Manamune,3047,0.4752252252252252,Ninja Tabi
84,84,Akali,0.4891565793847899,84.0,0.5328947368421053,84.0,0.5385542168674698,84.0,0.5436893203883495,84.0,0.3638888888888889,84.0,0.3942307692307692,84.0,0.43670886075949367,3020,0.5219475958941113,Sorcerer's Shoes,3146,0.507100097452318,Hextech Gunblade,3157,0.5249124172829895,Zhonya's Hourglass,3116,0.5581286705819539,Rylai's Crystal Scepter,3100,0.5606593234903523,Lich Bane
85,85,Kennen,0.5075153155720188,85.0,0.6577777777777778,85.0,0.5732484076433121,85.0,0.567741935483871,85.0,0.3886255924170616,85.0,0.37995824634655534,85.0,0.3988439306358382,3020,0.5330808643350412,Sorcerer's Shoes,3157,0.5147136989611018,Zhonya's Hourglass,3116,0.5461269499731038,Rylai's Crystal Scepter,3152,0.5652945924132364,Hextech Protobelt-01,3001,0.5454023812939319,Abyssal Scepter
86,86,Garen,0.5112249157494986,86.0,0.5922469490308686,86.0,0.5982758620689655,86.0,0.5808823529411765,86.0,0.41569282136894825,86.0,0.42890995260663506,86.0,0.4722222222222222,3111,0.5240049842410027,Mercury's Treads,3009,0.5667218454637689,Boots of Swiftness,3071,0.5517839922854387,The Black Cleaver,3068,0.5398085323914862,Sunfire Cape,3065,0.5295516222771921,Spirit Visage
89,89,Leona,0.5242073262650118,89.0,0.5892857142857143,89.0,0.5857605177993528,89.0,0.5723128868880135,89.0,0.43820224719101125,89.0,0.4258289703315881,89.0,0.4464751958224543,2049,0.5037670795556123,Sightstone,3117,0.5425915202985266,Boots of Mobility,3401,0.5384431968439078,Face of the Mountain,3190,0.565192137201553,Locket of the Iron Solari,3009,0.5629881466507397,Boots of Swiftness
90,90,Malzahar,0.5439939837287209,90.0,0.6633663366336634,90.0,0.6438941076003416,90.0,0.6200716845878136,90.0,0.43352525516880397,90.0,0.4681724845995893,90.0,0.4803030303030303,3020,0.5703838725777401,Sorcerer's Shoes,3116,0.5888762714730967,Rylai's Crystal Scepter,3165,0.559963196635121,Morellonomicon,3151,0.6061292080660714,Liandry's Torment,3158,0.5504572690003153,Ionian Boots of Lucidity
91,91,Talon,0.5046777697320782,91.0,0.6650943396226415,91.0,0.5737265415549598,91.0,0.5732484076433121,91.0,0.40823970037453183,91.0,0.4292682926829268,91.0,0.4209905660377358,3117,0.5275673061421893,Boots of Mobility,3158,0.5151646447140381,Ionian Boots of Lucidity,3009,0.5446090251464003,Boots of Swiftness,3142,0.5434656685826316,Youmuu's Ghostblade,3074,0.5272546557857293,Ravenous Hydra
92,92,Riven,0.4722229323788828,92.0,0.5512277730736664,92.0,0.5301022340022719,92.0,0.5301664355062413,92.0,0.40359897172236503,92.0,0.4025423728813559,92.0,0.3924495171202809,3158,0.4879514839263672,Ionian Boots of Lucidity,3071,0.5262985258933395,The Black Cleaver,3074,0.5130830039525691,Ravenous Hydra,3142,0.5331869834710744,Youmuu's Ghostblade,3111,0.5082623935903856,Mercury's Treads
96,96,KogMaw,0.5425501636544756,96.0,0.6190476190476191,96.0,0.61345496009122,96.0,0.581453634085213,96.0,0.4416775884665793,96.0,0.4475920679886686,96.0,0.45739910313901344,3006,0.5579087048832272,Berserker's Greaves,3085,0.5786604361370716,Runaan's Hurricane,3124,0.5571443427620633,Guinsoo's Rageblade,3153,0.5899075081610446,Blade of the Ruined King,3009,0.562793427230047,Boots of Swiftness
98,98,Shen,0.4993445142624655,98.0,0.569994422755159,98.0,0.5866141732283464,98.0,0.5426356589147286,98.0,0.4139344262295082,98.0,0.41643835616438357,98.0,0.4254473161033797,3111,0.5091539073839959,Mercury's Treads,3068,0.5214751134309009,Sunfire Cape,3047,0.509627036488488,Ninja Tabi,3009,0.5640221847118398,Boots of Swiftness,3065,0.5241704900591795,Spirit Visage
99,99,Lux,0.5127549490101979,99.0,0.6379310344827587,99.0,0.5764192139737991,99.0,0.5700575815738963,99.0,0.43925831202046034,99.0,0.4284239504473503,99.0,0.455470737913486,3020,0.5291002024791348,Sorcerer's Shoes,3165,0.5271939273993537,Morellonomicon,3158,0.5298759328801635,Ionian Boots of Lucidity,3285,0.5481578690195312,Luden's Echo,3089,0.5633354926093871,Rabadon's Deathcap
101,101,Xerath,0.5093097283390747,101.0,0.6436781609195402,101.0,0.5912596401028277,101.0,0.5808823529411765,101.0,0.4028985507246377,101.0,0.423963133640553,101.0,0.4375,3020,0.5220924632795569,Sorcerer's Shoes,3165,0.5186224489795919,Morellonomicon,3285,0.5587439090416892,Luden's Echo,3089,0.5540104796453044,Rabadon's Deathcap,3135,0.5326454367550258,Void Staff
102,102,Shyvana,0.4797455815650905,102.0,0.5706914344685242,102.0,0.5648949320148331,102.0,0.5650793650793651,102.0,0.3333333333333333,102.0,0.3717948717948718,102.0,0.3560606060606061,3111,0.4954375870903942,Mercury's Treads,1416,0.5101079136690647,Enchantment: Bloodrazor,3009,0.5490221142784099,Boots of Swiftness,3047,0.4789814509933048,Ninja Tabi,3153,0.5195962835447814,Blade of the Ruined King
103,103,Ahri,0.5237311062753631,103.0,0.6075533661740559,103.0,0.5871080139372822,103.0,0.5682926829268292,103.0,0.42406015037593986,103.0,0.4190871369294606,103.0,0.4435146443514644,3020,0.541531185338457,Sorcerer's Shoes,3165,0.5388578992152784,Morellonomicon,3285,0.5679320274161496,Luden's Echo,3157,0.5475768975437043,Zhonya's Hourglass,3001,0.5374793388429752,Abyssal Scepter
104,104,Graves,0.5030097476989993,104.0,0.5966228893058161,104.0,0.5720164609053497,104.0,0.5502008032128514,104.0,0.42660550458715596,104.0,0.4312463428905793,104.0,0.4479338842975207,3006,0.5058899517116231,Berserker's Greaves,3009,0.5301282326199769,Boots of Swiftness,3046,0.5564356993854654,Phantom Dancer,1412,0.5016679254783485,Enchantment: Warrior,3812,0.5590838105153566,Death's Dance
105,105,Fizz,0.5094924329009642,105.0,0.558679706601467,105.0,0.5548847420417125,105.0,0.5611896635787421,105.0,0.43538998835855647,105.0,0.41785714285714287,105.0,0.42813141683778233,3020,0.5334162845795906,Sorcerer's Shoes,3158,0.530757351521781,Ionian Boots of Lucidity,3157,0.5405914802329145,Zhonya's Hourglass,3100,0.5523691491814618,Lich Bane,3001,0.5323389204982316,Abyssal Scepter
106,106,Volibear,0.5405515454377198,106.0,0.6085753803596127,106.0,0.5922165820642978,106.0,0.5833973866256725,106.0,0.4330434782608696,106.0,0.45484949832775917,106.0,0.489593657086224,3111,0.5459046388978581,Mercury's Treads,3009,0.5935015739209305,Boots of Swiftness,3065,0.5715077465675777,Spirit Visage,3742,0.5727196817132472,Dead Man's Plate,3047,0.5243720610161716,Ninja Tabi
107,107,Rengar,0.4781562539230866,107.0,0.538787023977433,107.0,0.5575304022450889,107.0,0.5371428571428571,107.0,0.38117283950617287,107.0,0.4055299539170507,107.0,0.41858407079646015,3158,0.4891649048625793,Ionian Boots of Lucidity,3142,0.5139387522128286,Youmuu's Ghostblade,3046,0.5808795618458868,Phantom Dancer,3074,0.5264673011142345,Ravenous Hydra,3087,0.5811641954969797,Statikk Shiv
110,110,Varus,0.507032190899998,110.0,0.6141552511415526,110.0,0.5891304347826087,110.0,0.574726609963548,110.0,0.4032697547683924,110.0,0.43846153846153846,110.0,0.4446122860020141,3006,0.5187281787058066,Berserker's Greaves,3158,0.5177405957042839,Ionian Boots of Lucidity,3085,0.5418945963975984,Runaan's Hurricane,3031,0.5458058283690227,Infinity Edge,3087,0.5334691501746216,Statikk Shiv
111,111,Nautilus,0.5123335145419952,111.0,0.6071428571428571,111.0,0.6103151862464183,111.0,0.5901442307692307,111.0,0.41201716738197425,111.0,0.4568345323741007,111.0,0.4362934362934363,3117,0.522806191513154,Boots of Mobility,2049,0.4899360644091878,Sightstone,3009,0.5541559396837072,Boots of Swiftness,3111,0.5288929189679334,Mercury's Treads,3401,0.5252833257102201,Face of the Mountain
112,112,Viktor,0.514024361786531,112.0,0.5425531914893617,112.0,0.5763888888888888,112.0,0.5545454545454546,112.0,0.36764705882352944,112.0,0.4375,112.0,0.4095238095238095,3200,0.17933130699088146,Prototype Hex Core,3020,0.5294641343055791,Sorcerer's Shoes,3158,0.5382864574865875,Ionian Boots of Lucidity,3198,0.5499766682221185,Perfect Hex Core,3116,0.5771632947205466,Rylai's Crystal Scepter
113,113,Sejuani,0.5327681884724066,113.0,0.61328125,113.0,0.6047619047619047,113.0,0.60498687664042,113.0,0.3563218390804598,113.0,0.3883720930232558,113.0,0.4215686274509804,3111,0.5333333333333333,Mercury's Treads,3047,0.537754741430086,Ninja Tabi,3009,0.578921568627451,Boots of Swiftness,3742,0.5710473649099399,Dead Man's Plate,3083,0.5983394582822921,Warmog's Armor
114,114,Fiora,0.4781384452503773,114.0,0.5968,114.0,0.5628930817610063,114.0,0.5563689604685212,114.0,0.36585365853658536,114.0,0.40350877192982454,114.0,0.41569282136894825,3111,0.5,Mercury's Treads,3074,0.5103307048108076,Ravenous Hydra,3071,0.5312800769971127,The Black Cleaver,3009,0.5426316692400068,Boots of Swiftness,3047,0.4832241153342071,Ninja Tabi
115,115,Ziggs,0.5434743653558984,115.0,0.7035398230088495,115.0,0.6438941076003416,115.0,0.623398804440649,115.0,0.47352941176470587,115.0,0.48662551440329216,115.0,0.4653528289891926,3020,0.5558488267540679,Sorcerer's Shoes,3165,0.5508386771582986,Morellonomicon,3089,0.5676959619952494,Rabadon's Deathcap,3285,0.5732580037664784,Luden's Echo,3135,0.5602718048962115,Void Staff
117,117,Lulu,0.4726515319578989,117.0,0.6167247386759582,117.0,0.5395894428152492,117.0,0.5255754475703325,117.0,0.3659090909090909,117.0,0.3868312757201646,117.0,0.4155455904334828,2049,0.4589178356713427,Sightstone,3158,0.4842071508738176,Ionian Boots of Lucidity,3117,0.4789001913586464,Boots of Mobility,3092,0.4869771548394217,Frost Queen's Claim,3020,0.4969610296746514,Sorcerer's Shoes
119,119,Draven,0.49839951552902506,119.0,0.5532435740514076,119.0,0.5519673348181143,119.0,0.5248152059134108,119.0,0.3674832962138085,119.0,0.40625,119.0,0.39373601789709173,3006,0.5144713666872948,Berserker's Greaves,3031,0.5434500648508429,Infinity Edge,3046,0.5771391429499977,Phantom Dancer,3072,0.5504672586384649,The Bloodthirster,3009,0.5224825839138696,Boots of Swiftness
120,120,Hecarim,0.5131871248286619,120.0,0.5748031496062992,120.0,0.5850746268656717,120.0,0.5628415300546448,120.0,0.3715277777777778,120.0,0.41050583657587547,120.0,0.42643923240938164,3009,0.545036125234145,Boots of Swiftness,3047,0.5048038883237256,Ninja Tabi,3078,0.570277842633668,Trinity Force,3111,0.5118553248492967,Mercury's Treads,3742,0.5522104158467794,Dead Man's Plate
121,121,Khazix,0.4943058344565786,121.0,0.5789740985271712,121.0,0.565018315018315,121.0,0.543247344461305,121.0,0.3849624060150376,121.0,0.3932748538011696,121.0,0.38666666666666666,3117,0.4952349290780142,Boots of Mobility,3009,0.5350114734719421,Boots of Swiftness,3158,0.5083113362345723,Ionian Boots of Lucidity,3071,0.5606645747847775,The Black Cleaver,3111,0.5100220264317179,Mercury's Treads
122,122,Darius,0.5140451085490435,122.0,0.5815384615384616,122.0,0.6045197740112994,122.0,0.5843621399176955,122.0,0.42797055730809674,122.0,0.4346590909090909,122.0,0.4582278481012658,3111,0.5278297417458273,Mercury's Treads,3071,0.5365493477725818,The Black Cleaver,3009,0.5811840788359381,Boots of Swiftness,3065,0.5560651465798045,Spirit Visage,3742,0.554512872424831,Dead Man's Plate
126,126,Jayce,0.4867455512749954,126.0,0.6543778801843319,126.0,0.5911458333333334,126.0,0.5768025078369906,126.0,0.3368421052631579,126.0,0.4056603773584906,126.0,0.42033898305084744,3158,0.4997580254879819,Ionian Boots of Lucidity,3042,0.534270844867678,Muramana,3111,0.4833819241982507,Mercury's Treads,3071,0.5185017026106697,The Black Cleaver,3004,0.460136375557304,Manamune
127,127,Lissandra,0.4924237230030854,127.0,0.5737265415549598,127.0,0.5657534246575342,127.0,0.5704845814977973,127.0,0.3502824858757062,127.0,0.4030612244897959,127.0,0.42168674698795183,3020,0.5129296751813308,Sorcerer's Shoes,3027,0.5083447198906891,Rod of Ages,3157,0.5182359703208277,Zhonya's Hourglass,3158,0.5118291979226774,Ionian Boots of Lucidity,3001,0.5240994942718546,Abyssal Scepter
131,131,Diana,0.5067607756056941,131.0,0.546875,131.0,0.5605263157894737,131.0,0.547576301615799,131.0,0.4186471663619744,131.0,0.46062992125984253,131.0,0.4178847807394669,3158,0.5106483921982077,Ionian Boots of Lucidity,3020,0.5363131365085897,Sorcerer's Shoes,3157,0.5184281181352209,Zhonya's Hourglass,3115,0.5462102689486552,Nashor's Tooth,3001,0.5150485436893204,Abyssal Scepter
133,133,Quinn,0.5034891619835732,133.0,0.642512077294686,133.0,0.5850785340314136,133.0,0.5818181818181818,133.0,0.3951367781155015,133.0,0.3936651583710407,133.0,0.4175084175084175,3006,0.5180573523070289,Berserker's Greaves,3009,0.5314772122716793,Boots of Swiftness,3087,0.5482580994984411,Statikk Shiv,3031,0.5532506415739948,Infinity Edge,3142,0.5380624788541785,Youmuu's Ghostblade
134,134,Syndra,0.4540526849037487,134.0,0.5801526717557252,134.0,0.5583333333333333,134.0,0.5175718849840255,134.0,0.3283582089552239,134.0,0.3502824858757062,134.0,0.36764705882352944,3020,0.4709512243156305,Sorcerer's Shoes,3165,0.4645296544261852,Morellonomicon,3285,0.5175892738616753,Luden's Echo,3157,0.4757146822092701,Zhonya's Hourglass,3089,0.5082787373436569,Rabadon's Deathcap
136,136,AurelionSol,0.5030958946875488,136.0,0.6595744680851063,136.0,0.6190476190476191,136.0,0.575,136.0,0.41379310344827586,136.0,0.4207492795389049,136.0,0.4155495978552279,3009,0.52368688051198,Boots of Swiftness,3027,0.5209694816318762,Rod of Ages,3116,0.5397289586305278,Rylai's Crystal Scepter,3020,0.5283018867924528,Sorcerer's Shoes,3151,0.5711363636363637,Liandry's Torment
143,143,Zyra,0.5521250653196307,143.0,0.6326767091541136,143.0,0.6111111111111112,143.0,0.606,143.0,0.47419354838709676,143.0,0.4874274661508704,143.0,0.49209932279909707,3020,0.5722782984859409,Sorcerer's Shoes,2049,0.529160968546376,Sightstone,3116,0.5789751120147596,Rylai's Crystal Scepter,3092,0.5510860820595334,Frost Queen's Claim,3151,0.5939543257841372,Liandry's Torment
150,150,Gnar,0.4733174657856002,150.0,0.5994550408719346,150.0,0.5566714490674318,150.0,0.5448190789473685,150.0,0.3862928348909657,150.0,0.41643835616438357,150.0,0.4061085972850679,3111,0.5023402909550917,Mercury's Treads,3047,0.4829477400239551,Ninja Tabi,3071,0.497705522887121,The Black Cleaver,3009,0.5322391559202814,Boots of Swiftness,3022,0.5418359475443558,Frozen Mallet
154,154,Zac,0.5228086655316151,154.0,0.5728021978021978,154.0,0.5880281690140845,154.0,0.567741935483871,154.0,0.46607669616519176,154.0,0.46153846153846156,154.0,0.43169398907103823,3158,0.5531325408883725,Ionian Boots of Lucidity,3065,0.5468005798301926,Spirit Visage,3111,0.5036797173977039,Mercury's Treads,3047,0.5088877602844083,Ninja Tabi,3009,0.5508231925554761,Boots of Swiftness
157,157,Yasuo,0.5046113540209944,157.0,0.5479838709677419,157.0,0.5522256500661085,157.0,0.5613490585557624,157.0,0.43394077448747154,157.0,0.45420660276890307,157.0,0.4669811320754717,3006,0.5292028217526661,Berserker's Greaves,3087,0.5072712641365733,Statikk Shiv,3031,0.56582097660101,Infinity Edge,3046,0.5283488219280954,Phantom Dancer,3111,0.5210158918758354,Mercury's Treads
161,161,Velkoz,0.5407379122714906,161.0,0.6485623003194888,161.0,0.6223126089482859,161.0,0.6152980877390326,161.0,0.44129554655870445,161.0,0.45787545787545786,161.0,0.47255369928400953,3158,0.5477630618416937,Ionian Boots of Lucidity,3020,0.5585377454644289,Sorcerer's Shoes,3165,0.5496312883672445,Morellonomicon,3285,0.5756536648092585,Luden's Echo,3116,0.5722214701502639,Rylai's Crystal Scepter
163,163,Taliyah,0.43519376665983184,163.0,0.49054090061284306,163.0,0.4822608270124786,163.0,0.4882195049209663,163.0,0.33630952380952384,163.0,0.3735294117647059,163.0,0.3704115684093437,3020,0.4708402393460123,Sorcerer's Shoes,3116,0.4862495234983391,Rylai's Crystal Scepter,3027,0.4874419135045757,Rod of Ages,3285,0.4969377539603086,Luden's Echo,3151,0.5047542043984476,Liandry's Torment
201,201,Braum,0.5065666254242482,201.0,0.5719360568383659,201.0,0.5741127348643006,201.0,0.5743884173739391,201.0,0.41385767790262173,201.0,0.42011834319526625,201.0,0.4230769230769231,2049,0.4845878969233898,Sightstone,3117,0.5229363579080025,Boots of Mobility,3009,0.5416279933172452,Boots of Swiftness,3401,0.5256384676775738,Face of the Mountain,3190,0.5745105493252234,Locket of the Iron Solari
202,202,Jhin,0.5130792958520879,202.0,0.6152912621359223,202.0,0.5810736026563365,202.0,0.5835903763109191,202.0,0.4152542372881356,202.0,0.4422560429722471,202.0,0.45496950125583063,3009,0.5201559191800221,Boots of Swiftness,3094,0.5514066496163683,Rapid Firecannon,3031,0.5416738631597128,Infinity Edge,3006,0.5333646932329816,Berserker's Greaves,3508,0.5402559699051358,Essence Reaver
203,203,Kindred,0.4838883138182747,203.0,0.5582075012177301,203.0,0.5206463195691203,203.0,0.5421621621621622,203.0,0.3384615384615385,203.0,0.3849624060150376,203.0,0.38869257950530034,3006,0.487023447288348,Berserker's Greaves,3009,0.5422193464898091,Boots of Swiftness,1419,0.5295852384946295,Enchantment: Bloodrazor,3085,0.5746389503949239,Runaan's Hurricane,3153,0.50945301542777,Blade of the Ruined King
222,222,Jinx,0.5258986148670459,222.0,0.564327485380117,222.0,0.5943683409436834,222.0,0.5824867939861845,222.0,0.4082125603864734,222.0,0.42950108459869846,222.0,0.45137524557956776,3006,0.5405525807775963,Berserker's Greaves,3085,0.5670469576719577,Runaan's Hurricane,3031,0.5524650092236871,Infinity Edge,3072,0.5870697782114682,The Bloodthirster,3094,0.5920882900960298,Rapid Firecannon
223,223,TahmKench,0.43863174772848745,223.0,0.5394957983193277,223.0,0.5435028248587571,223.0,0.5042527339003645,223.0,0.35294117647058826,223.0,0.36585365853658536,223.0,0.37241948802642444,3009,0.4741037611204087,Boots of Swiftness,2049,0.4239181561618062,Sightstone,3401,0.462439267472281,Face of the Mountain,3742,0.4944695827048768,Dead Man's Plate,3111,0.4360072475704168,Mercury's Treads
236,236,Lucian,0.4814945785705429,236.0,0.536058098294207,236.0,0.5318761384335154,236.0,0.5257492354740061,236.0,0.35735439289239884,236.0,0.3772378516624041,236.0,0.4017094017094017,3006,0.4830999959301616,Berserker's Greaves,3158,0.5147080894491971,Ionian Boots of Lucidity,3142,0.5138057165053572,Youmuu's Ghostblade,3071,0.5395224735633988,The Black Cleaver,3009,0.5255921815471261,Boots of Swiftness
238,238,Zed,0.4649426321398419,238.0,0.5591603053435115,238.0,0.5288773523685918,238.0,0.5208235844642022,238.0,0.39339752407152684,238.0,0.40823970037453183,238.0,0.3967391304347826,3111,0.477521641863632,Mercury's Treads,3158,0.4886777318442648,Ionian Boots of Lucidity,3142,0.4902296816496843,Youmuu's Ghostblade,3147,0.5196896292650068,Duskblade of Draktharr,3071,0.5304040366837317,The Black Cleaver
245,245,Ekko,0.4945724804497211,245.0,0.5644753476611883,245.0,0.5496332518337408,245.0,0.5476493011435832,245.0,0.4135297326786688,245.0,0.4322033898305085,245.0,0.425,3020,0.5116055670978263,Sorcerer's Shoes,3009,0.5519872120903873,Boots of Swiftness,3025,0.5450341394412557,Iceborn Gauntlet,3111,0.5125475775756403,Mercury's Treads,3158,0.5188542112013681,Ionian Boots of Lucidity
254,254,Vi,0.5063550727903727,254.0,0.546875,254.0,0.5663716814159292,254.0,0.5757341576506955,254.0,0.38283828382838286,254.0,0.39590443686006827,254.0,0.42091152815013405,3047,0.511578668783909,Ninja Tabi,3111,0.5151539320465784,Mercury's Treads,3009,0.5697323784395024,Boots of Swiftness,3053,0.568713976945245,Sterak's Gage,3071,0.5649032472386014,The Black Cleaver
266,266,Aatrox,0.4721911708112665,266.0,0.5503952569169961,266.0,0.5622489959839357,266.0,0.5253731343283582,266.0,0.396969696969697,266.0,0.39371534195933455,266.0,0.3797692990239574,3047,0.4993027939885348,Ninja Tabi,3153,0.5103054839896946,Blade of the Ruined King,3074,0.5295681373006249,Ravenous Hydra,3006,0.5258114374034003,Berserker's Greaves,3111,0.4939939939939939,Mercury's Treads
267,267,Nami,0.526114779075673,267.0,0.5989304812834224,267.0,0.567741935483871,267.0,0.5858585858585859,267.0,0.4444444444444444,267.0,0.4496124031007752,267.0,0.42857142857142855,2049,0.512280701754386,Sightstone,3117,0.5381885870513641,Boots of Mobility,3158,0.5383671904944423,Ionian Boots of Lucidity,3092,0.5381761978361669,Frost Queen's Claim,3009,0.5574298223023435,Boots of Swiftness
268,268,Azir,0.4752964982294418,268.0,0.526218383713757,268.0,0.5030864197530864,268.0,0.5090634441087614,268.0,0.3971119133574007,268.0,0.42406015037593986,268.0,0.4207492795389049,3020,0.5031773983615343,Sorcerer's Shoes,3115,0.4880073800738007,Nashor's Tooth,3116,0.5385108185744694,Rylai's Crystal Scepter,3157,0.5297077023695729,Zhonya's Hourglass,3135,0.5617188077804897,Void Staff
412,412,Thresh,0.4838810154181592,412.0,0.5665188470066519,412.0,0.5526197939991043,412.0,0.5296213808463252,412.0,0.3645083932853717,412.0,0.39285714285714285,412.0,0.3898916967509025,3117,0.5070165661887633,Boots of Mobility,2049,0.4785055236046175,Sightstone,3401,0.5062970888502519,Face of the Mountain,3009,0.51248150596531,Boots of Swiftness,3190,0.537464726993781,Locket of the Iron Solari
420,420,Illaoi,0.5263854425144747,420.0,0.6221889055472264,420.0,0.625,420.0,0.5851239669421487,420.0,0.4321608040201005,420.0,0.44893617021276594,420.0,0.4675925925925926,3111,0.5414191647096744,Mercury's Treads,3071,0.5480833656592728,The Black Cleaver,3053,0.577329656440308,Sterak's Gage,3065,0.5562634932336371,Spirit Visage,3047,0.5293456894130862,Ninja Tabi
421,421,RekSai,0.4754750690271236,421.0,0.5748031496062992,421.0,0.5664488017429193,421.0,0.5468164794007491,421.0,0.34615384615384615,421.0,0.3333333333333333,421.0,0.3442622950819672,3009,0.5263522884882108,Boots of Swiftness,3047,0.4732343049327354,Ninja Tabi,3111,0.4909539473684211,Mercury's Treads,3742,0.5187978649338594,Dead Man's Plate,3748,0.5664008102291429,Titanic Hydra
429,429,Kalista,0.4356992686032395,429.0,0.5253093363329584,429.0,0.5246038365304421,429.0,0.5054054054054054,429.0,0.28804902962206336,429.0,0.3568075117370892,429.0,0.36189358372456965,3006,0.4626630941286114,Berserker's Greaves,3085,0.4820817207502233,Runaan's Hurricane,3153,0.4595266581918792,Blade of the Ruined King,3046,0.517319643339638,Phantom Dancer,3072,0.5442600613168525,The Bloodthirster
432,432,Bard,0.4809837906111852,432.0,0.5407124681933843,432.0,0.5436971405557793,432.0,0.5200789993416721,432.0,0.35313531353135313,432.0,0.3807829181494662,432.0,0.3645083932853717,3117,0.5015073212747632,Boots of Mobility,2049,0.4652844990066731,Sightstone,3009,0.512622441666003,Boots of Swiftness,3092,0.4959635074822788,Frost Queen's Claim,3158,0.4940784603997039,Ionian Boots of Lucidity
